# Ledger of every migration APPLIED to Supabase project fgybyghwcjlstqxkclch,
# and the repository file that represents it. Refresh instructions and the
# meaning of FOLDED: are in docs/db/MIGRATION_INTEGRITY.md.
# version	applied_name	md5(statements)	repo_file
20260531194731	0001_init	0961961bc19511c11f166d5f535e0ec2	0001_init.sql
20260531194741	0002_push	b9762d5dbdeb7f5d3ba48aa378fc67ab	0002_push.sql
20260531211409	0003_wanted_posts	f4296a879bfbc08d9efea62d00927d82	0003_wanted_posts.sql
20260531213539	0004_pickup_chat	7657e8fe7638128e9fd23e81fea31479	0004_pickup_chat.sql
20260601030512	0005_markets	4c3044561eb633ec2eb1eca2f06be312	0005_markets.sql
20260601032941	0006_listing_types	078dc77f22a3cf7fd82930c99b225101	0006_listing_types.sql
20260601034113	0007_claim_requests	63e461e16fcf4b82a520a221b4b530c7	0007_claim_requests.sql
20260601035106	0008_plan_limits	8540bde0c59dff5bf9358c5d0e8b77df	0008_plan_limits.sql
20260601050547	0009_map_privacy	8d49be4db01fd45e2b6d0270bf0c737b	0009_map_privacy.sql
20260601051022	0010_map_privacy_fix	58083fcbb6e91e38501693811c652472	0010_map_privacy_fix.sql
20260601060654	0011_promotions	f7caefab5646672e9072123261ed8e56	0011_promotions.sql
20260601064331	0012_public_web	9407bc04bd756a7508e6d09d4844072e	0012_public_web.sql
20260803041837	0014_realtime_chat	c8df3224a126d9f91809a5853147c238	0014_realtime_chat.sql
20260803041931	0013_trust_layer	3c23a16a0a7d236355ba67d9d732494b	0013_trust_layer.sql
20260803041946	0015_trust_verified_email	1a0feedc2eea8abf62bcd0cb2e81ac74	0015_trust_verified_email.sql
20260803042003	0016_user_blocks	4a60003d7a1fbe19c7117a98a50e1025	0016_user_blocks.sql
20260803042020	0017_feedback	4ebd2bb0d8332865b442557013e65c57	0017_feedback.sql
20260803042029	0018_auto_expire_cron	b98877aac1cfaae76a5ddcfa21592877	0018_auto_expire_cron.sql
20260805034841	ai_usage_caps	649d50e4b965dda0a4d335f08d68d1eb	0019_ai_usage_caps.sql
20260805040523	public_geo	9530957d0920f73adb286e1eaeb692bb	0020_public_geo.sql
20260807015646	0021_plot_type	4747e2a8792fd90eeac268b94ceeebbf	0021_plot_type.sql
20260807015702	0022_plot_reservations	5335d908556fe3a11e55d6d0b0e87754	0022_plot_reservations.sql
20260807031713	0023_demo_labeling	b417e86a2b50f5b767b2e9f33e731730	0023_demo_labeling.sql
20260807035059	0024_admin_moderation	6a152e8c302431edb47b3aa8fbcf0960	0024_admin_moderation.sql
20260807035112	0025_events_guard	83e4fae66dc2f16c03431a3b4e0aa482	0025_events_guard.sql
20260808005047	0026_plot_thread_updates	d4241791b26e64deb7e68a11bc2d8ea6	0026_plot_thread_updates.sql
20260808013754	0027_events_allowlist_gnome	f4581f1dba1fb5950916fe021fae7d01	0027_events_allowlist_gnome.sql
20260808022959	0028_seed_drop_v1	761cdc6c967bc2e3a4ed9044caac72d5	0028_seed_drop_v1.sql
20260808023422	0029_seed_log_admin_insert	2290041395ce828cac7aa5b20c58eb55	0029_seed_log_admin_insert.sql
20260808031147	0030_seed_multi_size	3485a21cda9042589cc847f708f7452d	0030_seed_multi_size.sql
20260808033158	0031_admin_ops	34cd5d322b0112e441c00326a2a290d5	0031_admin_ops.sql
20260808053130	0032_seller_storefront	2949ad414ec848964d5423390c3553ff	0032_seller_storefront.sql
20260808053442	0033_storefront_views	4fe9b1230a568ff1404363d07c08328b	0033_storefront_views.sql
20260808190749	app_is_demo_grant	bca11973449a1afb80ee92fd462841b2	0034_app_is_demo_grant.sql
20260809005552	claims_update_scope	48163704b59b44bb2c807374ce0a1f4c	0035_claims_update_scope.sql
20260809010559	claims_claimer_rerequest	5164152518bf7123eb5a65ea2a5a2eaf	0036_claims_claimer_rerequest.sql
20260810185755	fix_markets_update_member_correlation	815d1a70f14649ef9c95a0181a837253	0037_fix_markets_update_member_correlation.sql
20260810185934	my_profile_rpc	bed9246afa27150243f2e014c63e34ab	0038_my_profile_rpc.sql
20260810191153	marketplace_taxonomy	e9c5d5e62743f2b18de6f1fe9e01d838	0039_marketplace_taxonomy.sql
20260810191413	marketplace_taxonomy_seed	2b97812397c9753a44e18b92f18d9e82	0040_marketplace_taxonomy_seed.sql
20260810191505	taxonomy_synonyms_and_backfill	546a209844be5e70b2157d6c67648156	0041_taxonomy_synonyms_and_backfill.sql
20260810191627	compliance_core	2cccef5b68db58970e2f3e6ec7b7c55e	0042_compliance_core.sql
20260810191710	compliance_storage_and_gate	b53e1921fd8480e994a531f03c9a968b	0043_compliance_storage_and_gate.sql
20260810191745	compliance_publish_trigger_and_automation	c26b1fa177449a0c686bdcf77000be09	0044_compliance_trigger_automation.sql
20260810192533	listing_status_paused	a60376f61071fba03d29150169f73d1f	0045_listing_status_paused.sql
20260810200831	compliance_ui_support	de66883c3ebc405796fdcf6b135f67f3	0046_compliance_ui_support.sql
20260810204356	fix_storefront_column_grants	b8083a6f177303a4a758f45165edfb55	0047_fix_storefront_column_grants.sql
20260810215107	market_ops	89ef6599567988003748201003f2f040	0048_market_ops.sql
20260810215215	grow_log	3428afbc1410ed07d9d9af2da2351dd9	0049_grow_log.sql
20260810221714	market_orders_buyer_fk	b5bb28e81efc5560f040488b4de4a9b2	0050_market_orders_buyer_fk.sql
20260810230200	market_not_garden	7b802747d61b371a7ff0402ea6ee728c	0051_market_not_garden.sql
20260810232801	pickup_locations	772940c5751761f53300414f534144d4	0052_pickup_locations.sql
20260810232932	pickup_locations_scheduling	8404f281b78697d3c7f3a1b206ba2070	0053_pickup_locations_scheduling.sql
20260810233038	pickup_location_address_privacy	9a5eea6e4fc54b52cb401f6de54c6a7a	0054_pickup_location_address_privacy.sql
20260810234817	admin_pickup_location_overview	2dee8c5b5b378d2074923bf2678bb122	0055_admin_pickup_location_overview.sql
20260811000347	seed_profile_multiselect_and_recommendations	54d8e4df34e7dc9fdb1bae18ef790a9e	0056_seed_multiselect_and_recs.sql
20260811001448	revoke_zip_column	85aa3de28c074dc3c43eb1cfb92c219c	0058_revoke_zip_column.sql
20260811001540	revoke_zip_column_properly	6b27d91eb9e1b4e25b89f80b77027012	0059_revoke_zip_column_properly.sql
20260811010129	public_listings_taxonomy	589bd3b74225956016ac11f9944e4182	0060_public_listings_taxonomy.sql
20260811012430	listings_taxonomy_autofill	ee8e22bee76eef2e491c24026fb3f8c1	0061_listings_taxonomy_autofill.sql
20260811013035	subscription_remodel	1b64ae6245f7a68aeb5d9383c03ea729	0062_subscription_remodel.sql
20260811013125	market_delivery_settings	9fb51036d5d241293158a936e6485abd	0063_market_delivery_settings.sql
20260811020412	entitlements_and_plan_security	daba81ec2e643a2c274d49bf471ab5f3	0064_entitlements_and_plan_security.sql
20260811020639	delivery_status_and_buyer_addresses	c1507c82f64e0db886db9b960e192185	0065_delivery_status_and_buyer_addresses.sql
20260811020951	delivery_ordering	0b20186cf077839ba7b4069fcd253868	0066_delivery_ordering.sql
20260811021147	seed_drop_subscriptions	b619329a9ba29ff724147acdc87acdd1	0067_seed_drop_subscriptions.sql
20260811021220	billing_foundation	f72bb91f7d53bc130515f50a1ead5f95	0068_billing_foundation.sql
20260811022917	lock_internal_functions	43eba8ec02c79925de824162d294c42a	0069_lock_internal_functions.sql
20260811023502	seed_sub_snapshot_fix	8fde1eed9606827daa8ad9e686a34487	0070_seed_sub_snapshot_fix.sql
20260811024950	review_fixes	be0afe70eff7f39b6871e42d4b6ab0a1	0071_review_fixes.sql
20260811030124	multi_plot_listings	7ba6da8d899467d605105422cdc7c70d	0072_multi_plot_listings.sql
20260811030409	public_listings_inventory	12c431bbf2dc6db46c126617842cae34	0073_public_listings_inventory.sql
20260811031046	inventory_zero_allowed	0fe5e356f0af8e0487b9d54f71ca1501	0074_inventory_zero_allowed.sql
20260811031938	admin_identity	b806b8d2b2d32847d904539080bc0a47	0075_admin_identity.sql
20260811032029	complimentary_grants_and_effective_plan	29d9b703cf13c37e898671f651b4793f	0076_complimentary_grants.sql
20260811040428	inventory_fulfillment_boardroom	a23803bcacf17a318a14ccdd02dbeab5	0077_inventory_fulfillment_boardroom.sql
20260811041501	security_hardening_adversarial_round	74ad2b5d4552d6c3f6ce167710256a7a	0078_security_hardening.sql
20260811041650	ai_reads_toggle_rpc	5bf4a31b156bb318287261520d2a09de	FOLDED:0078_security_hardening.sql
20260811043702	plot_gate_uses_effective_plan	7cbc67115ff06c900180ad81cc552788	0079_plot_gate_effective_plan.sql
20260811102059	gemini_provider_pivot	0ac0f0a76014984474e360076ebcb1f7	0080_gemini_provider_pivot.sql
20260811102502	ai_usage_room_column	0d8d35ebc6cfc53bc4c4a00d5013c364	FOLDED:0080_gemini_provider_pivot.sql
20260811125702	commercial_model	beb71a224c6dcadb83989c9f49186126	0081_commercial_model.sql
20260811130433	promotions_admin_read	97cf2eff238e321aab87a67d73ef7c02	FOLDED:0081_commercial_model.sql
20260811131006	commercial_model_qa_fixes	d552b8a1d54789a3161c8a4bb4d28bdf	FOLDED:0081_commercial_model.sql
20260812012001	agent_actions	260e36813e362554980ec4b7877eff95	0082_agent_actions.sql
20260812014429	stripe_billing_hardening	47e9f42dd6ed78418c83d10a3faef30d	0083_stripe_billing_hardening.sql
20260812014536	billing_webhook_helpers	d65a0d563c55c8d9d2b00c6e36fe44f1	0084_billing_webhook_helpers.sql
20260812022611	request_options	ac8033aa34db5697b21534bfa49b91ff	0085_request_options.sql
20260812023406	public_listings_request_options	de71a4cea19ecfd6fd6a8ac440c4618f	0088_public_listings_request_options.sql
20260813004742	onboarding_and_ai_drafts	53aacf810efa832691c15f62d9102fdd	0086_onboarding_and_ai_drafts.sql
20260813004812	onboarding_and_draft_rpcs	48f7c9015a1a60951a3fcc52466e9199	FOLDED:0086_onboarding_and_ai_drafts.sql
20260813021448	profiles_public_projection	20d67568c6845466cd2a54cf0274560a	0087_profiles_public_projection.sql
20260813053222	launch_grant_repairs	7db0069a05df7324555d9b49397f1b62	0092_launch_grant_repairs.sql
20260813105438	market_privacy	af4c147f9b204a882358a45afb84c632	0093_market_privacy.sql
20260813105609	phone_validation_fix	c88f8ab8243d730c7ddd9497c5cf4651	0090_phone_validation_fix.sql
20260815022214	prohibited_content	c201169960973ab1a469a4ce5ab608d1	0095_prohibited_content.sql
20260815022936	eggs_class_fix	8bac37927d090221d810d2e78a6fec38	0096_eggs_class_fix.sql
20260815023634	admin_team_and_ai_org	c6aa76b59edd8f6a9b6ee9129e6c481c	0094_admin_team_and_ai_org.sql
20260815023748	admin_invite_pending_rows	10869ab35489534682c05fcab407aa45	0097_admin_invite_pending_rows.sql
20260815023914	admin_team_vocabulary	f5638ba396d0ee5ed84c7e9de8fba2a6	0098_admin_team_vocabulary.sql
20260815024049	audit_actor_type_normalize	23c423f77a794bc20eeaacee3aaf6928	0099_audit_actor_type_normalize.sql
20260815035959	rate_limit_retry_time	37c72edd8fa1fab031a516263cc2ced3	0100_rate_limit_retry_time.sql
20260815041325	moderation_and_team_console	5d4f5170c8b3d1565a6734b2115b26ca	0101_moderation_and_team_console.sql
20260815043214	screening_columns_readable	4ecd62601a01721586c0be87ff2a5498	0102_screening_columns_readable.sql
20260815043733	suspension_cannot_be_evaded	1f85e6ed3573415c94ecb72a3feb655e	0103_suspension_cannot_be_evaded.sql
20260817010713	listing_allowance_model	71ff1bbf43099300815ff8719bb17c1e	0104_listing_allowance_model.sql
20260817010715	plan_aware_publish_rate_limit	a3d57c4ee4e5b0c406011290e991eeca	0105_plan_aware_publish_rate_limit.sql
20260817010717	promotions_and_paid_publishing	5b07b5a7f223ef6a09ff152af9501acf	0106_promotions_and_paid_publishing.sql
20260817010719	allowance_actual_usage	420a340b63926b7e4fb65e958b007dc2	0107_allowance_actual_usage.sql
20260817010720	admin_allowance_usage	24274623d6866eb355dc546a1ac950e6	0108_admin_allowance_usage.sql
20260817010722	promo_admin_repairs	71bbe8ac1f0659ea88a2474ed21b8662	0109_promo_admin_repairs.sql
20260817010724	wanted_introduction_limits	f3f60e8acbfd76faa0c7f6072b9352a1	0110_wanted_introduction_limits.sql
20260817010726	market_qr	d7d1fb6c3b73d9e7ce987ffd29c9f229	0111_market_qr.sql
20260817014004	renew_listing_active_guard	b1b049534ef0d88298509da4d89a5241	0112_renew_listing_active_guard.sql
20260817022703	overage_rpc_anon_revoke	7a118da4f01f6a74f667c99d17c6ad34	0113_overage_rpc_anon_revoke.sql
20260817034443	draft_publish_lifetime	1ba659674ecdf87fc51418027bed3665	0114_draft_publish_lifetime.sql
20260817040040	market_import_drafts	e43d1a23283fe124233536f300c0ff5a	0115_market_import_drafts.sql
20260817140023	0116_ai_market_actions	5793b3431d510becd4205e3d90f3750b	0116_ai_market_actions.sql
20260817165609	0117_market_drops	a6c6d058fb045afe6148d5533b6844c1	0117_market_drops.sql
20260817175042	0118_narrow_reserved_title	2883d68b693a8004074dd14f187b5ae9	0118_narrow_reserved_title.sql
20260817183020	0119_market_following	fcffb6ac074c79bfc54807bdba07d9bd	0119_market_following.sql
20260817193017	0120_drop_alerts	a9accb77e950a5ba09219348aa1ae9b8	0120_drop_alerts.sql
20260817204401	0121_market_bundles	fcd44fb257f8078bc79cdc36effe5de1	0121_market_bundles.sql
20260817220817	0122_drop_polish	d2df8c30bf253e4d6b86a59710b218d8	0122_drop_polish.sql
20260817220848	0123_listing_lifecycle_guard	0fe74a9dc91cd507fccdad8cca68f10e	0123_listing_lifecycle_guard.sql
20260817224703	0124_payment_hardening	9bc7819e0517aaf1d708d1ea013c9589	0124_payment_hardening.sql
20260818000004	0125_renew_expired_window	faee21f79c5be844af67b73e2f133ce7	0125_renew_expired_window.sql
20260819014212	0126_three_tier_pricing	0d7d6681580f667c8961bba46031d8e1	0126_three_tier_pricing.sql
20260821124127	0127_hide_wanted_from_public	7f268f702737f4cf39581c5e756bd0b4	0127_hide_wanted_from_public.sql
